iso3c,year,value
ABW,2015,100
ABW,2016,100
ABW,2017,100
ABW,2018,100
ABW,2019,100
ABW,2020,100
ABW,2021,100
ABW,2022,99.9
ABW,2023,100
AFG,2015,71.5
AFG,2016,97.7
AFG,2017,97.7
AFG,2018,93.4
AFG,2019,97.7
AFG,2020,97.7
AFG,2021,97.7
AFG,2022,85.3
AFG,2023,85.3
AGO,2015,42
AGO,2016,41.8
AGO,2017,42.9
AGO,2018,45.3
AGO,2019,45.6
AGO,2020,47
AGO,2021,48.2
AGO,2022,48.5
AGO,2023,51.1
ALB,2015,100
ALB,2016,99.9
ALB,2017,99.9
ALB,2018,100
ALB,2019,100
ALB,2020,100
ALB,2021,100
ALB,2022,100
ALB,2023,100
AND,2015,100
AND,2016,100
AND,2017,100
AND,2018,100
AND,2019,100
AND,2020,100
AND,2021,100
AND,2022,100
AND,2023,100
ARE,2015,100
ARE,2016,100
ARE,2017,100
ARE,2018,100
ARE,2019,100
ARE,2020,100
ARE,2021,100
ARE,2022,100
ARE,2023,100
ARG,2015,99.7
ARG,2016,99.9
ARG,2017,100
ARG,2018,100
ARG,2019,100
ARG,2020,100
ARG,2021,100
ARG,2022,100
ARG,2023,100
ARM,2015,100
ARM,2016,99.8
ARM,2017,99.7
ARM,2018,99.9
ARM,2019,100
ARM,2020,100
ARM,2021,100
ARM,2022,100
ARM,2023,100
ATG,2015,100
ATG,2016,100
ATG,2017,100
ATG,2018,100
ATG,2019,100
ATG,2020,100
ATG,2021,100
ATG,2022,100
ATG,2023,100
AUS,2015,100
AUS,2016,100
AUS,2017,100
AUS,2018,100
AUS,2019,100
AUS,2020,100
AUS,2021,100
AUS,2022,100
AUS,2023,100
AUT,2015,100
AUT,2016,100
AUT,2017,100
AUT,2018,100
AUT,2019,100
AUT,2020,100
AUT,2021,100
AUT,2022,100
AUT,2023,100
AZE,2015,100
AZE,2016,100
AZE,2017,100
AZE,2018,100
AZE,2019,100
AZE,2020,100
AZE,2021,100
AZE,2022,100
AZE,2023,100
BDI,2015,7.9
BDI,2016,8.5
BDI,2017,9.3
BDI,2018,9.5
BDI,2019,9.8
BDI,2020,9.1
BDI,2021,10.2
BDI,2022,10.3
BDI,2023,11.6
BEL,2015,100
BEL,2016,100
BEL,2017,100
BEL,2018,100
BEL,2019,100
BEL,2020,100
BEL,2021,100
BEL,2022,100
BEL,2023,100
BEN,2015,29.6
BEN,2016,37
BEN,2017,34.5
BEN,2018,39
BEN,2019,40
BEN,2020,41
BEN,2021,42
BEN,2022,56.5
BEN,2023,57
BFA,2015,16.2
BFA,2016,16.6
BFA,2017,17
BFA,2018,14.4
BFA,2019,17.6
BFA,2020,18.5
BFA,2021,19
BFA,2022,19.5
BFA,2023,21.7
BGD,2015,74
BGD,2016,75.9
BGD,2017,88
BGD,2018,86.9
BGD,2019,92.2
BGD,2020,96.2
BGD,2021,99
BGD,2022,99.4
BGD,2023,99.5
BGR,2015,96.6
BGR,2016,97.3
BGR,2017,98.1
BGR,2018,98.7
BGR,2019,99.2
BGR,2020,99.7
BGR,2021,99.8
BGR,2022,100
BGR,2023,100
BHR,2015,100
BHR,2016,100
BHR,2017,100
BHR,2018,100
BHR,2019,100
BHR,2020,100
BHR,2021,100
BHR,2022,100
BHR,2023,100
BHS,2015,100
BHS,2016,100
BHS,2017,100
BHS,2018,100
BHS,2019,100
BHS,2020,100
BHS,2021,100
BHS,2022,100
BHS,2023,100
BIH,2015,99.7
BIH,2016,100
BIH,2017,100
BIH,2018,100
BIH,2019,100
BIH,2020,100
BIH,2021,100
BIH,2022,100
BIH,2023,100
BLR,2015,97.4
BLR,2016,98
BLR,2017,98.7
BLR,2018,99.3
BLR,2019,100
BLR,2020,100
BLR,2021,100
BLR,2022,100
BLR,2023,100
BLZ,2015,91.8
BLZ,2016,93.3
BLZ,2017,94.2
BLZ,2018,91.7
BLZ,2019,92.7
BLZ,2020,96.8
BLZ,2021,97.7
BLZ,2022,98.6
BLZ,2023,99.6
BMU,2015,100
BMU,2016,100
BMU,2017,100
BMU,2018,100
BMU,2019,100
BMU,2020,100
BMU,2021,100
BMU,2022,100
BMU,2023,100
BOL,2015,91.5
BOL,2016,91.8
BOL,2017,91.8
BOL,2018,92.8
BOL,2019,95.1
BOL,2020,97.2
BOL,2021,98.6
BOL,2022,99.9
BOL,2023,99.8
BRA,2015,99.7
BRA,2016,99.7
BRA,2017,99.8
BRA,2018,99.7
BRA,2019,99.8
BRA,2020,99.7
BRA,2021,99.5
BRA,2022,100
BRA,2023,99.8
BRB,2015,100
BRB,2016,100
BRB,2017,100
BRB,2018,100
BRB,2019,100
BRB,2020,100
BRB,2021,100
BRB,2022,100
BRB,2023,100
BRN,2015,100
BRN,2016,100
BRN,2017,100
BRN,2018,100
BRN,2019,100
BRN,2020,100
BRN,2021,100
BRN,2022,100
BRN,2023,100
BTN,2015,95.4
BTN,2016,99.3
BTN,2017,97.7
BTN,2018,100
BTN,2019,100
BTN,2020,100
BTN,2021,100
BTN,2022,100
BTN,2023,100
BWA,2015,62.1
BWA,2016,64.2
BWA,2017,67.4
BWA,2018,68.3
BWA,2019,70.1
BWA,2020,71.8
BWA,2021,73.7
BWA,2022,75.9
BWA,2023,76
CAF,2015,12.7
CAF,2016,13.4
CAF,2017,14.1
CAF,2018,14.6
CAF,2019,14.3
CAF,2020,15.4
CAF,2021,15.7
CAF,2022,15.7
CAF,2023,17.6
CAN,2015,100
CAN,2016,100
CAN,2017,100
CAN,2018,100
CAN,2019,100
CAN,2020,100
CAN,2021,100
CAN,2022,100
CAN,2023,100
CHE,2015,100
CHE,2016,100
CHE,2017,100
CHE,2018,100
CHE,2019,100
CHE,2020,100
CHE,2021,100
CHE,2022,100
CHE,2023,100
CHI,2015,100
CHI,2016,100
CHI,2017,100
CHI,2018,100
CHI,2019,100
CHI,2020,100
CHI,2021,100
CHI,2022,100
CHI,2023,100
CHL,2015,99.7
CHL,2016,100
CHL,2017,99.7
CHL,2018,100
CHL,2019,100
CHL,2020,100
CHL,2021,100
CHL,2022,100
CHL,2023,100
CHN,2015,100
CHN,2016,100
CHN,2017,100
CHN,2018,100
CHN,2019,100
CHN,2020,100
CHN,2021,100
CHN,2022,100
CHN,2023,100
CIV,2015,62.6
CIV,2016,64.3
CIV,2017,65.6
CIV,2018,67.1
CIV,2019,68.6
CIV,2020,69.9
CIV,2021,71.1
CIV,2022,72
CIV,2023,72.4
CMR,2015,58.6
CMR,2016,59.8
CMR,2017,60.9
CMR,2018,62.2
CMR,2019,63.2
CMR,2020,64.3
CMR,2021,65.4
CMR,2022,71
CMR,2023,72
COD,2015,16.6
COD,2016,17.3
COD,2017,18
COD,2018,18.7
COD,2019,19.1
COD,2020,20.1
COD,2021,20.8
COD,2022,21.5
COD,2023,22.1
COG,2015,44.3
COG,2016,45.3
COG,2017,46.2
COG,2018,47
COG,2019,47.7
COG,2020,48.7
COG,2021,49.7
COG,2022,50.6
COG,2023,51.3
COL,2015,98.2
COL,2016,98.4
COL,2017,98.5
COL,2018,98.5
COL,2019,99.4
COL,2020,99.7
COL,2021,100
COL,2022,100
COL,2023,98.7
COM,2015,74.1
COM,2016,76.4
COM,2017,78.7
COM,2018,81
COM,2019,83.3
COM,2020,85.6
COM,2021,87.9
COM,2022,89.9
COM,2023,89.8
CPV,2015,86.4
CPV,2016,87.5
CPV,2017,88.6
CPV,2018,90.2
CPV,2019,91.4
CPV,2020,93.7
CPV,2021,95.5
CPV,2022,97.1
CPV,2023,98.6
CRI,2015,99.4
CRI,2016,99.5
CRI,2017,99.6
CRI,2018,99.7
CRI,2019,99.7
CRI,2020,99.9
CRI,2021,100
CRI,2022,100
CRI,2023,100
CUB,2015,99
CUB,2016,99.2
CUB,2017,99.4
CUB,2018,99.6
CUB,2019,99.8
CUB,2020,99.9
CUB,2021,100
CUB,2022,100
CUB,2023,100
CUW,2015,100
CUW,2016,100
CUW,2017,100
CUW,2018,100
CUW,2019,100
CUW,2020,100
CUW,2021,100
CUW,2022,100
CUW,2023,100
CYM,2015,100
CYM,2016,100
CYM,2017,100
CYM,2018,100
CYM,2019,100
CYM,2020,100
CYM,2021,100
CYM,2022,100
CYM,2023,100
CYP,2015,100
CYP,2016,100
CYP,2017,100
CYP,2018,100
CYP,2019,100
CYP,2020,100
CYP,2021,100
CYP,2022,100
CYP,2023,100
CZE,2015,100
CZE,2016,100
CZE,2017,100
CZE,2018,100
CZE,2019,100
CZE,2020,100
CZE,2021,100
CZE,2022,100
CZE,2023,100
DEU,2015,100
DEU,2016,100
DEU,2017,100
DEU,2018,100
DEU,2019,100
DEU,2020,100
DEU,2021,100
DEU,2022,100
DEU,2023,100
DJI,2015,59.1
DJI,2016,59.8
DJI,2017,60.2
DJI,2018,62.4
DJI,2019,64.7
DJI,2020,64.5
DJI,2021,65.4
DJI,2022,65
DJI,2023,65.2
DMA,2015,96.7
DMA,2016,97.8
DMA,2017,98.9
DMA,2018,99.6
DMA,2019,99.9
DMA,2020,100
DMA,2021,100
DMA,2022,100
DMA,2023,100
DNK,2015,100
DNK,2016,100
DNK,2017,100
DNK,2018,100
DNK,2019,100
DNK,2020,100
DNK,2021,100
DNK,2022,100
DNK,2023,100
DOM,2015,98.6
DOM,2016,98.9
DOM,2017,100
DOM,2018,98.9
DOM,2019,99
DOM,2020,100
DOM,2021,98.1
DOM,2022,98.1
DOM,2023,99.6
DZA,2015,99.4
DZA,2016,99.4
DZA,2017,99.5
DZA,2018,99.6
DZA,2019,99.5
DZA,2020,99.7
DZA,2021,99.8
DZA,2022,100
DZA,2023,100
ECU,2015,98.8
ECU,2016,98.7
ECU,2017,99.2
ECU,2018,98.7
ECU,2019,99.1
ECU,2020,98.9
ECU,2021,100
ECU,2022,100
ECU,2023,98.7
EGY,2015,99.3
EGY,2016,100
EGY,2017,100
EGY,2018,100
EGY,2019,100
EGY,2020,100
EGY,2021,100
EGY,2022,100
EGY,2023,100
ERI,2015,45.8
ERI,2016,46.9
ERI,2017,48
ERI,2018,49.1
ERI,2019,50.3
ERI,2020,51.4
ERI,2021,52.5
ERI,2022,53.4
ERI,2023,54.4
ESP,2015,100
ESP,2016,100
ESP,2017,100
ESP,2018,100
ESP,2019,100
ESP,2020,100
ESP,2021,100
ESP,2022,100
ESP,2023,100
EST,2015,100
EST,2016,100
EST,2017,100
EST,2018,100
EST,2019,100
EST,2020,100
EST,2021,100
EST,2022,100
EST,2023,100
ETH,2015,29
ETH,2016,42.9
ETH,2017,44.3
ETH,2018,44.8
ETH,2019,48
ETH,2020,51.1
ETH,2021,54.2
ETH,2022,55.4
ETH,2023,55.4
FIN,2015,100
FIN,2016,100
FIN,2017,100
FIN,2018,100
FIN,2019,100
FIN,2020,100
FIN,2021,100
FIN,2022,100
FIN,2023,100
FJI,2015,93.2
FJI,2016,93.4
FJI,2017,96
FJI,2018,95.1
FJI,2019,96.1
FJI,2020,97.1
FJI,2021,92.1
FJI,2022,92
FJI,2023,99.3
FRA,2015,100
FRA,2016,100
FRA,2017,100
FRA,2018,100
FRA,2019,100
FRA,2020,100
FRA,2021,100
FRA,2022,100
FRA,2023,100
FRO,2015,100
FRO,2016,100
FRO,2017,100
FRO,2018,100
FRO,2019,100
FRO,2020,100
FRO,2021,100
FRO,2022,100
FRO,2023,100
FSM,2015,73
FSM,2016,74.8
FSM,2017,76.5
FSM,2018,78.3
FSM,2019,80.1
FSM,2020,81.9
FSM,2021,83.6
FSM,2022,85.3
FSM,2023,86.9
GAB,2015,87.3
GAB,2016,88.1
GAB,2017,86.3
GAB,2018,89.6
GAB,2019,90.3
GAB,2020,91.1
GAB,2021,91.8
GAB,2022,93.5
GAB,2023,94.1
GBR,2015,100
GBR,2016,100
GBR,2017,100
GBR,2018,100
GBR,2019,100
GBR,2020,100
GBR,2021,100
GBR,2022,100
GBR,2023,100
GEO,2015,100
GEO,2016,100
GEO,2017,100
GEO,2018,99.9
GEO,2019,100
GEO,2020,100
GEO,2021,100
GEO,2022,100
GEO,2023,100
GHA,2015,74
GHA,2016,79.3
GHA,2017,79
GHA,2018,80.4
GHA,2019,83.5
GHA,2020,85.4
GHA,2021,86.3
GHA,2022,85.1
GHA,2023,89.5
GIB,2015,100
GIB,2016,100
GIB,2017,100
GIB,2018,100
GIB,2019,100
GIB,2020,100
GIB,2021,100
GIB,2022,100
GIB,2023,100
GIN,2015,34.9
GIN,2016,33.5
GIN,2017,35.4
GIN,2018,45
GIN,2019,42.2
GIN,2020,44.7
GIN,2021,46.8
GIN,2022,47.7
GIN,2023,51.1
GMB,2015,54.7
GMB,2016,56.4
GMB,2017,56.2
GMB,2018,60.3
GMB,2019,62.1
GMB,2020,62.2
GMB,2021,63.7
GMB,2022,65.4
GMB,2023,66.9
GNB,2015,20.1
GNB,2016,22.9
GNB,2017,26
GNB,2018,28.4
GNB,2019,30.9
GNB,2020,33.4
GNB,2021,35.8
GNB,2022,37.4
GNB,2023,40.5
GNQ,2015,66.1
GNQ,2016,66.2
GNQ,2017,66.4
GNQ,2018,66.5
GNQ,2019,66.6
GNQ,2020,66.7
GNQ,2021,66.8
GNQ,2022,67
GNQ,2023,66.9
GRC,2015,100
GRC,2016,100
GRC,2017,100
GRC,2018,100
GRC,2019,100
GRC,2020,100
GRC,2021,100
GRC,2022,100
GRC,2023,100
GRD,2015,91.4
GRD,2016,91.8
GRD,2017,92.2
GRD,2018,92.3
GRD,2019,93
GRD,2020,93.4
GRD,2021,93.7
GRD,2022,94.2
GRD,2023,94.4
GRL,2015,100
GRL,2016,100
GRL,2017,100
GRL,2018,100
GRL,2019,100
GRL,2020,100
GRL,2021,100
GRL,2022,100
GRL,2023,100
GTM,2015,90.5
GTM,2016,91.8
GTM,2017,93.3
GTM,2018,94.2
GTM,2019,95.4
GTM,2020,96.6
GTM,2021,97.9
GTM,2022,99.1
GTM,2023,100
GUM,2015,100
GUM,2016,100
GUM,2017,100
GUM,2018,100
GUM,2019,100
GUM,2020,100
GUM,2021,100
GUM,2022,100
GUM,2023,100
GUY,2015,88
GUY,2016,89
GUY,2017,90
GUY,2018,90.9
GUY,2019,91.6
GUY,2020,92.3
GUY,2021,92.9
GUY,2022,93
GUY,2023,98.9
HKG,2015,100
HKG,2016,100
HKG,2017,100
HKG,2018,100
HKG,2019,100
HKG,2020,100
HKG,2021,100
HKG,2022,100
HKG,2023,100
HND,2015,90
HND,2016,91.6
HND,2017,86.5
HND,2018,91.6
HND,2019,91.1
HND,2020,93.1
HND,2021,94.1
HND,2022,94.4
HND,2023,95.6
HRV,2015,100
HRV,2016,100
HRV,2017,100
HRV,2018,100
HRV,2019,100
HRV,2020,100
HRV,2021,100
HRV,2022,100
HRV,2023,100
HTI,2015,40.8
HTI,2016,40.4
HTI,2017,43.3
HTI,2018,44.4
HTI,2019,45.4
HTI,2020,46.3
HTI,2021,47.2
HTI,2022,49.3
HTI,2023,51.3
HUN,2015,100
HUN,2016,100
HUN,2017,100
HUN,2018,100
HUN,2019,100
HUN,2020,100
HUN,2021,100
HUN,2022,100
HUN,2023,100
IDN,2015,97.5
IDN,2016,97.6
IDN,2017,98.1
IDN,2018,98.5
IDN,2019,98.9
IDN,2020,97
IDN,2021,99.2
IDN,2022,100
IDN,2023,99.4
IMN,2015,100
IMN,2016,100
IMN,2017,100
IMN,2018,100
IMN,2019,100
IMN,2020,100
IMN,2021,100
IMN,2022,100
IMN,2023,100
IND,2015,88
IND,2016,89.6
IND,2017,91.8
IND,2018,95.7
IND,2019,95.9
IND,2020,96.5
IND,2021,99.6
IND,2022,99.2
IND,2023,99.5
IRL,2015,100
IRL,2016,100
IRL,2017,100
IRL,2018,100
IRL,2019,100
IRL,2020,100
IRL,2021,100
IRL,2022,100
IRL,2023,100
IRN,2015,100
IRN,2016,100
IRN,2017,99.9
IRN,2018,100
IRN,2019,100
IRN,2020,100
IRN,2021,100
IRN,2022,100
IRN,2023,100
IRQ,2015,99.4
IRQ,2016,99.7
IRQ,2017,99.9
IRQ,2018,99.9
IRQ,2019,100
IRQ,2020,100
IRQ,2021,100
IRQ,2022,100
IRQ,2023,100
ISL,2015,100
ISL,2016,100
ISL,2017,100
ISL,2018,100
ISL,2019,100
ISL,2020,100
ISL,2021,100
ISL,2022,100
ISL,2023,100
ISR,2015,100
ISR,2016,100
ISR,2017,100
ISR,2018,100
ISR,2019,100
ISR,2020,100
ISR,2021,100
ISR,2022,100
ISR,2023,100
ITA,2015,100
ITA,2016,100
ITA,2017,100
ITA,2018,100
ITA,2019,100
ITA,2020,100
ITA,2021,100
ITA,2022,100
ITA,2023,100
JAM,2015,94.9
JAM,2016,96.6
JAM,2017,97.4
JAM,2018,98.2
JAM,2019,98.9
JAM,2020,99.7
JAM,2021,100
JAM,2022,100
JAM,2023,97.7
JOR,2015,99.9
JOR,2016,100
JOR,2017,100
JOR,2018,99.9
JOR,2019,99.9
JOR,2020,99.9
JOR,2021,99.9
JOR,2022,100
JOR,2023,100
JPN,2015,100
JPN,2016,100
JPN,2017,100
JPN,2018,100
JPN,2019,100
JPN,2020,100
JPN,2021,100
JPN,2022,100
JPN,2023,100
KAZ,2015,100
KAZ,2016,100
KAZ,2017,100
KAZ,2018,100
KAZ,2019,100
KAZ,2020,100
KAZ,2021,100
KAZ,2022,100
KAZ,2023,100
KEN,2015,41.6
KEN,2016,53.1
KEN,2017,55.8
KEN,2018,61.2
KEN,2019,69.7
KEN,2020,71.5
KEN,2021,76.5
KEN,2022,76
KEN,2023,76.2
KGZ,2015,98.7
KGZ,2016,99.7
KGZ,2017,100
KGZ,2018,100
KGZ,2019,99.9
KGZ,2020,99.9
KGZ,2021,99.7
KGZ,2022,99.7
KGZ,2023,100
KHM,2015,62.7
KHM,2016,68.8
KHM,2017,89.1
KHM,2018,80.7
KHM,2019,84
KHM,2020,86.4
KHM,2021,82.5
KHM,2022,92.3
KHM,2023,95
KIR,2015,90.6
KIR,2016,92.6
KIR,2017,85.7
KIR,2018,87.5
KIR,2019,89.3
KIR,2020,91
KIR,2021,92.8
KIR,2022,94.4
KIR,2023,95.9
KNA,2015,100
KNA,2016,100
KNA,2017,100
KNA,2018,100
KNA,2019,100
KNA,2020,100
KNA,2021,100
KNA,2022,100
KNA,2023,100
KOR,2015,100
KOR,2016,100
KOR,2017,100
KOR,2018,100
KOR,2019,100
KOR,2020,100
KOR,2021,100
KOR,2022,100
KOR,2023,100
KWT,2015,100
KWT,2016,100
KWT,2017,100
KWT,2018,100
KWT,2019,100
KWT,2020,100
KWT,2021,100
KWT,2022,100
KWT,2023,100
LAO,2015,89.7
LAO,2016,89
LAO,2017,93.6
LAO,2018,92.9
LAO,2019,98.4
LAO,2020,99.3
LAO,2021,100
LAO,2022,100
LAO,2023,96.5
LBN,2015,99.7
LBN,2016,99.8
LBN,2017,99.9
LBN,2018,99.7
LBN,2019,100
LBN,2020,100
LBN,2021,100
LBN,2022,100
LBN,2023,100
LBR,2015,15.2
LBR,2016,17.7
LBR,2017,24.2
LBR,2018,22.8
LBR,2019,23.1
LBR,2020,27.6
LBR,2021,29.8
LBR,2022,31.8
LBR,2023,32.5
LBY,2015,73.8
LBY,2016,72.2
LBY,2017,70.6
LBY,2018,67
LBY,2019,68.5
LBY,2020,69.4
LBY,2021,70.2
LBY,2022,70
LBY,2023,73.2
LCA,2015,99
LCA,2016,99.8
LCA,2017,99.9
LCA,2018,100
LCA,2019,100
LCA,2020,100
LCA,2021,100
LCA,2022,100
LCA,2023,100
LIE,2015,100
LIE,2016,100
LIE,2017,100
LIE,2018,100
LIE,2019,100
LIE,2020,100
LIE,2021,100
LIE,2022,100
LIE,2023,100
LKA,2015,94.3
LKA,2016,97.5
LKA,2017,97.5
LKA,2018,99.6
LKA,2019,99.8
LKA,2020,100
LKA,2021,100
LKA,2022,100
LKA,2023,100
LSO,2015,31.8
LSO,2016,35.1
LSO,2017,33.7
LSO,2018,47
LSO,2019,44.6
LSO,2020,47.5
LSO,2021,50.4
LSO,2022,50
LSO,2023,57.3
LTU,2015,100
LTU,2016,100
LTU,2017,100
LTU,2018,100
LTU,2019,100
LTU,2020,100
LTU,2021,100
LTU,2022,100
LTU,2023,100
LUX,2015,100
LUX,2016,100
LUX,2017,100
LUX,2018,100
LUX,2019,100
LUX,2020,100
LUX,2021,100
LUX,2022,100
LUX,2023,100
LVA,2015,100
LVA,2016,100
LVA,2017,100
LVA,2018,100
LVA,2019,100
LVA,2020,100
LVA,2021,100
LVA,2022,100
LVA,2023,100
MAC,2015,100
MAC,2016,100
MAC,2017,100
MAC,2018,100
MAC,2019,100
MAC,2020,100
MAC,2021,100
MAC,2022,100
MAC,2023,100
MAF,2015,100
MAF,2016,100
MAF,2017,100
MAF,2018,100
MAF,2019,100
MAF,2020,100
MAF,2021,100
MAF,2022,100
MAF,2023,100
MAR,2015,97.3
MAR,2016,97.8
MAR,2017,100
MAR,2018,98.1
MAR,2019,99.6
MAR,2020,100
MAR,2021,100
MAR,2022,100
MAR,2023,100
MCO,2015,100
MCO,2016,100
MCO,2017,100
MCO,2018,100
MCO,2019,100
MCO,2020,100
MCO,2021,100
MCO,2022,100
MCO,2023,100
MDA,2015,99.9
MDA,2016,99.9
MDA,2017,100
MDA,2018,100
MDA,2019,100
MDA,2020,100
MDA,2021,100
MDA,2022,100
MDA,2023,100
MDG,2015,23.8
MDG,2016,22.9
MDG,2017,24.1
MDG,2018,36.5
MDG,2019,31
MDG,2020,32
MDG,2021,35.1
MDG,2022,36.1
MDG,2023,39.4
MDV,2015,99.8
MDV,2016,100
MDV,2017,99.8
MDV,2018,100
MDV,2019,100
MDV,2020,100
MDV,2021,100
MDV,2022,100
MDV,2023,100
MEX,2015,99
MEX,2016,99.5
MEX,2017,100
MEX,2018,99.5
MEX,2019,99.6
MEX,2020,99.4
MEX,2021,100
MEX,2022,100
MEX,2023,99.7
MHL,2015,92.1
MHL,2016,92.7
MHL,2017,93.8
MHL,2018,95.3
MHL,2019,96.8
MHL,2020,98.3
MHL,2021,99.8
MHL,2022,100
MHL,2023,100
MKD,2015,99.9
MKD,2016,100
MKD,2017,100
MKD,2018,99.8
MKD,2019,100
MKD,2020,100
MKD,2021,100
MKD,2022,100
MKD,2023,100
MLI,2015,37.6
MLI,2016,38.8
MLI,2017,34.8
MLI,2018,50.9
MLI,2019,47.9
MLI,2020,50.6
MLI,2021,53.4
MLI,2022,53
MLI,2023,54.5
MLT,2015,100
MLT,2016,100
MLT,2017,100
MLT,2018,100
MLT,2019,100
MLT,2020,100
MLT,2021,100
MLT,2022,100
MLT,2023,100
MMR,2015,60.5
MMR,2016,55.6
MMR,2017,69.8
MMR,2018,66.1
MMR,2019,68.3
MMR,2020,70.4
MMR,2021,72.5
MMR,2022,73.6
MMR,2023,76.8
MNE,2015,99.5
MNE,2016,99.6
MNE,2017,100
MNE,2018,100
MNE,2019,100
MNE,2020,99.9
MNE,2021,99.8
MNE,2022,100
MNE,2023,100
MNG,2015,88
MNG,2016,90.8
MNG,2017,93.6
MNG,2018,98.1
MNG,2019,98.9
MNG,2020,99.5
MNG,2021,100
MNG,2022,100
MNG,2023,100
MNP,2015,100
MNP,2016,100
MNP,2017,100
MNP,2018,100
MNP,2019,100
MNP,2020,100
MNP,2021,100
MNP,2022,100
MNP,2023,100
MOZ,2015,24
MOZ,2016,26.2
MOZ,2017,24.3
MOZ,2018,31.1
MOZ,2019,29.7
MOZ,2020,30.6
MOZ,2021,31.5
MOZ,2022,33.2
MOZ,2023,36
MRT,2015,39.5
MRT,2016,41.2
MRT,2017,42.9
MRT,2018,43.6
MRT,2019,44.9
MRT,2020,45.4
MRT,2021,47.7
MRT,2022,49
MRT,2023,50.3
MUS,2015,99.6
MUS,2016,99.7
MUS,2017,99.6
MUS,2018,99.8
MUS,2019,100
MUS,2020,99.5
MUS,2021,99.6
MUS,2022,100
MUS,2023,100
MWI,2015,10.8
MWI,2016,11
MWI,2017,12.7
MWI,2018,18
MWI,2019,11.2
MWI,2020,11.5
MWI,2021,14.2
MWI,2022,14
MWI,2023,15.6
MYS,2015,99.9
MYS,2016,99.9
MYS,2017,100
MYS,2018,100
MYS,2019,100
MYS,2020,100
MYS,2021,100
MYS,2022,100
MYS,2023,100
NAM,2015,51.6
NAM,2016,49.7
NAM,2017,52.5
NAM,2018,52.3
NAM,2019,53.3
NAM,2020,52.3
NAM,2021,55.2
NAM,2022,56.2
NAM,2023,56.7
NCL,2015,100
NCL,2016,100
NCL,2017,100
NCL,2018,100
NCL,2019,100
NCL,2020,100
NCL,2021,100
NCL,2022,100
NCL,2023,100
NER,2015,16.6
NER,2016,17
NER,2017,17.6
NER,2018,17.6
NER,2019,18.5
NER,2020,18.7
NER,2021,18.6
NER,2022,19.5
NER,2023,20.1
NGA,2015,52.5
NGA,2016,59.3
NGA,2017,54.4
NGA,2018,56.5
NGA,2019,55.4
NGA,2020,55.4
NGA,2021,59.5
NGA,2022,60.5
NGA,2023,61.2
NIC,2015,83.2
NIC,2016,83.9
NIC,2017,84.6
NIC,2018,85.2
NIC,2019,85.7
NIC,2020,86
NIC,2021,86.3
NIC,2022,86.5
NIC,2023,88.3
NLD,2015,100
NLD,2016,100
NLD,2017,100
NLD,2018,100
NLD,2019,100
NLD,2020,100
NLD,2021,100
NLD,2022,100
NLD,2023,100
NOR,2015,100
NOR,2016,100
NOR,2017,100
NOR,2018,100
NOR,2019,100
NOR,2020,100
NOR,2021,100
NOR,2022,100
NOR,2023,100
NPL,2015,82
NPL,2016,90.7
NPL,2017,86.6
NPL,2018,93.9
NPL,2019,89.9
NPL,2020,89.9
NPL,2021,89.9
NPL,2022,91.3
NPL,2023,94
NRU,2015,99
NRU,2016,99.7
NRU,2017,99.8
NRU,2018,99.9
NRU,2019,100
NRU,2020,100
NRU,2021,100
NRU,2022,100
NRU,2023,100
NZL,2015,100
NZL,2016,100
NZL,2017,100
NZL,2018,100
NZL,2019,100
NZL,2020,100
NZL,2021,100
NZL,2022,100
NZL,2023,100
OMN,2015,100
OMN,2016,100
OMN,2017,100
OMN,2018,100
OMN,2019,100
OMN,2020,100
OMN,2021,100
OMN,2022,100
OMN,2023,100
PAK,2015,91
PAK,2016,91.8
PAK,2017,92.7
PAK,2018,93.4
PAK,2019,93.9
PAK,2020,94.5
PAK,2021,94.9
PAK,2022,95
PAK,2023,95.6
PAN,2015,91.6
PAN,2016,92.4
PAN,2017,93.7
PAN,2018,93.8
PAN,2019,93.9
PAN,2020,95.3
PAN,2021,95.3
PAN,2022,95
PAN,2023,97
PER,2015,93.9
PER,2016,94.2
PER,2017,94.8
PER,2018,95.2
PER,2019,95.6
PER,2020,96.2
PER,2021,95.6
PER,2022,96.2
PER,2023,96.2
PHL,2015,89.1
PHL,2016,92
PHL,2017,93
PHL,2018,94.2
PHL,2019,95.3
PHL,2020,96.4
PHL,2021,97.5
PHL,2022,94.8
PHL,2023,98
PLW,2015,99.5
PLW,2016,100
PLW,2017,100
PLW,2018,100
PLW,2019,100
PLW,2020,100
PLW,2021,100
PLW,2022,100
PLW,2023,100
PNG,2015,18.4
PNG,2016,13.5
PNG,2017,19.2
PNG,2018,16.6
PNG,2019,23.6
PNG,2020,20.5
PNG,2021,20.9
PNG,2022,19
PNG,2023,20.5
POL,2015,100
POL,2016,100
POL,2017,100
POL,2018,100
POL,2019,100
POL,2020,100
POL,2021,100
POL,2022,100
POL,2023,100
PRI,2015,100
PRI,2016,100
PRI,2017,100
PRI,2018,100
PRI,2019,100
PRI,2020,100
PRI,2021,100
PRI,2022,100
PRI,2023,100
PRK,2015,40
PRK,2016,42.1
PRK,2017,44.2
PRK,2018,46.3
PRK,2019,48.4
PRK,2020,50.5
PRK,2021,52.6
PRK,2022,54.7
PRK,2023,57.5
PRT,2015,100
PRT,2016,100
PRT,2017,100
PRT,2018,100
PRT,2019,100
PRT,2020,100
PRT,2021,100
PRT,2022,100
PRT,2023,100
PRY,2015,99.3
PRY,2016,98.4
PRY,2017,99.3
PRY,2018,99.6
PRY,2019,99.7
PRY,2020,99.7
PRY,2021,100
PRY,2022,100
PRY,2023,99.8
PSE,2015,99.9
PSE,2016,100
PSE,2017,99.9
PSE,2018,100
PSE,2019,100
PSE,2020,100
PSE,2021,100
PSE,2022,100
PSE,2023,100
PYF,2015,100
PYF,2016,100
PYF,2017,100
PYF,2018,100
PYF,2019,100
PYF,2020,100
PYF,2021,100
PYF,2022,100
PYF,2023,100
QAT,2015,100
QAT,2016,100
QAT,2017,100
QAT,2018,100
QAT,2019,100
QAT,2020,100
QAT,2021,100
QAT,2022,100
QAT,2023,100
ROU,2015,98.8
ROU,2016,99.1
ROU,2017,100
ROU,2018,99.8
ROU,2019,100
ROU,2020,100
ROU,2021,100
ROU,2022,100
ROU,2023,100
RUS,2015,95.5
RUS,2016,99.4
RUS,2017,100
RUS,2018,100
RUS,2019,99.8
RUS,2020,99.9
RUS,2021,100
RUS,2022,100
RUS,2023,100
RWA,2015,22.8
RWA,2016,29.4
RWA,2017,34.1
RWA,2018,38
RWA,2019,46.6
RWA,2020,45.2
RWA,2021,48.7
RWA,2022,50.6
RWA,2023,63.9
SAU,2015,100
SAU,2016,99.9
SAU,2017,100
SAU,2018,99.9
SAU,2019,100
SAU,2020,100
SAU,2021,100
SAU,2022,100
SAU,2023,100
SDN,2015,48
SDN,2016,50.5
SDN,2017,53
SDN,2018,55.3
SDN,2019,57.6
SDN,2020,59.7
SDN,2021,61.8
SDN,2022,63.2
SDN,2023,66
SEN,2015,60.5
SEN,2016,64.5
SEN,2017,61.7
SEN,2018,66
SEN,2019,70.4
SEN,2020,64.3
SEN,2021,68
SEN,2022,67.9
SEN,2023,74.2
SGP,2015,100
SGP,2016,100
SGP,2017,100
SGP,2018,100
SGP,2019,100
SGP,2020,100
SGP,2021,100
SGP,2022,100
SGP,2023,100
SLB,2015,55.1
SLB,2016,58.2
SLB,2017,62.9
SLB,2018,65.8
SLB,2019,69.4
SLB,2020,72.9
SLB,2021,76.3
SLB,2022,76
SLB,2023,81.3
SLE,2015,19.7
SLE,2016,20.3
SLE,2017,23.4
SLE,2018,26.1
SLE,2019,22.7
SLE,2020,26.3
SLE,2021,27.5
SLE,2022,29.4
SLE,2023,35.5
SLV,2015,95.4
SLV,2016,96
SLV,2017,96.8
SLV,2018,97
SLV,2019,97.4
SLV,2020,99.7
SLV,2021,97.9
SLV,2022,100
SLV,2023,98.3
SMR,2015,100
SMR,2016,100
SMR,2017,100
SMR,2018,100
SMR,2019,100
SMR,2020,100
SMR,2021,100
SMR,2022,100
SMR,2023,100
SOM,2015,51.2
SOM,2016,51.1
SOM,2017,52.1
SOM,2018,50.7
SOM,2019,49.2
SOM,2020,49.9
SOM,2021,49.3
SOM,2022,48.9
SOM,2023,50.3
SRB,2015,99.9
SRB,2016,99.9
SRB,2017,100
SRB,2018,100
SRB,2019,99.8
SRB,2020,100
SRB,2021,100
SRB,2022,100
SRB,2023,100
SSD,2015,4.8
SSD,2016,5.3
SSD,2017,4.2
SSD,2018,6.3
SSD,2019,6.8
SSD,2020,7.3
SSD,2021,7.7
SSD,2022,8.4
SSD,2023,5.4
STP,2015,67.3
STP,2016,69.4
STP,2017,74.3
STP,2018,71
STP,2019,75.1
STP,2020,76.8
STP,2021,78.5
STP,2022,78
STP,2023,81.3
SUR,2015,95
SUR,2016,95.8
SUR,2017,96.6
SUR,2018,97.4
SUR,2019,97.9
SUR,2020,98.4
SUR,2021,98.8
SUR,2022,99
SUR,2023,99.6
SVK,2015,100
SVK,2016,100
SVK,2017,100
SVK,2018,100
SVK,2019,100
SVK,2020,100
SVK,2021,100
SVK,2022,100
SVK,2023,100
SVN,2015,100
SVN,2016,100
SVN,2017,100
SVN,2018,100
SVN,2019,100
SVN,2020,100
SVN,2021,100
SVN,2022,100
SVN,2023,100
SWE,2015,100
SWE,2016,100
SWE,2017,100
SWE,2018,100
SWE,2019,100
SWE,2020,100
SWE,2021,100
SWE,2022,100
SWE,2023,100
SWZ,2015,64.1
SWZ,2016,63.4
SWZ,2017,73.5
SWZ,2018,74
SWZ,2019,77
SWZ,2020,80
SWZ,2021,82.9
SWZ,2022,82.3
SWZ,2023,86.4
SXM,2015,100
SXM,2016,100
SXM,2017,100
SXM,2018,100
SXM,2019,100
SXM,2020,100
SXM,2021,100
SXM,2022,100
SXM,2023,100
SYC,2015,100
SYC,2016,100
SYC,2017,100
SYC,2018,100
SYC,2019,100
SYC,2020,100
SYC,2021,100
SYC,2022,100
SYC,2023,100
SYR,2015,90
SYR,2016,89.8
SYR,2017,89.6
SYR,2018,86
SYR,2019,89.2
SYR,2020,89
SYR,2021,88.8
SYR,2022,89
SYR,2023,88.4
TCA,2015,100
TCA,2016,100
TCA,2017,100
TCA,2018,100
TCA,2019,100
TCA,2020,99.4
TCA,2021,100
TCA,2022,99.9
TCA,2023,100
TCD,2015,7.7
TCD,2016,9.2
TCD,2017,10.9
TCD,2018,10.1
TCD,2019,8.4
TCD,2020,10.9
TCD,2021,11.3
TCD,2022,11.7
TCD,2023,12
TGO,2015,44.7
TGO,2016,46.8
TGO,2017,48
TGO,2018,50
TGO,2019,52.5
TGO,2020,54.1
TGO,2021,55.7
TGO,2022,57.2
TGO,2023,59.2
THA,2015,99.6
THA,2016,99.9
THA,2017,99.9
THA,2018,99.8
THA,2019,99.9
THA,2020,100
THA,2021,100
THA,2022,99.9
THA,2023,100
TJK,2015,98
TJK,2016,99.3
TJK,2017,99.3
TJK,2018,99.3
TJK,2019,99.4
TJK,2020,99.5
TJK,2021,99.6
TJK,2022,100
TJK,2023,100
TKM,2015,100
TKM,2016,100
TKM,2017,100
TKM,2018,100
TKM,2019,99.9
TKM,2020,100
TKM,2021,100
TKM,2022,100
TKM,2023,100
TLS,2015,67.3
TLS,2016,76.5
TLS,2017,79.5
TLS,2018,85.2
TLS,2019,90.6
TLS,2020,96
TLS,2021,100
TLS,2022,99.7
TLS,2023,100
TON,2015,100
TON,2016,97
TON,2017,98.2
TON,2018,99
TON,2019,98.4
TON,2020,99.9
TON,2021,100
TON,2022,100
TON,2023,100
TTO,2015,100
TTO,2016,100
TTO,2017,100
TTO,2018,100
TTO,2019,100
TTO,2020,100
TTO,2021,100
TTO,2022,100
TTO,2023,98.7
TUN,2015,99.9
TUN,2016,100
TUN,2017,100
TUN,2018,99.8
TUN,2019,100
TUN,2020,99.9
TUN,2021,99.9
TUN,2022,100
TUN,2023,100
TUR,2015,100
TUR,2016,100
TUR,2017,100
TUR,2018,100
TUR,2019,100
TUR,2020,100
TUR,2021,100
TUR,2022,100
TUR,2023,100
TUV,2015,98.1
TUV,2016,97.3
TUV,2017,98.7
TUV,2018,99
TUV,2019,99.7
TUV,2020,99.4
TUV,2021,99.7
TUV,2022,100
TUV,2023,100
TZA,2015,26.2
TZA,2016,32.8
TZA,2017,32.1
TZA,2018,34.9
TZA,2019,37.7
TZA,2020,39.9
TZA,2021,42.7
TZA,2022,45.8
TZA,2023,48.3
UGA,2015,18.5
UGA,2016,26.7
UGA,2017,32.4
UGA,2018,41.9
UGA,2019,41.3
UGA,2020,42.1
UGA,2021,45.2
UGA,2022,47.1
UGA,2023,51.5
UKR,2015,100
UKR,2016,100
UKR,2017,100
UKR,2018,100
UKR,2019,100
UKR,2020,100
UKR,2021,100
UKR,2022,100
UKR,2023,100
URY,2015,99.7
URY,2016,99.7
URY,2017,99.8
URY,2018,99.8
URY,2019,99.9
URY,2020,100
URY,2021,100
URY,2022,100
URY,2023,100
USA,2015,100
USA,2016,100
USA,2017,100
USA,2018,100
USA,2019,100
USA,2020,100
USA,2021,100
USA,2022,100
USA,2023,100
UZB,2015,99.9
UZB,2016,99.9
UZB,2017,100
UZB,2018,100
UZB,2019,100
UZB,2020,100
UZB,2021,99.9
UZB,2022,100
UZB,2023,100
VCT,2015,99.4
VCT,2016,99.7
VCT,2017,100
VCT,2018,100
VCT,2019,100
VCT,2020,100
VCT,2021,100
VCT,2022,100
VCT,2023,100
VEN,2015,100
VEN,2016,99.4
VEN,2017,99.2
VEN,2018,99.9
VEN,2019,99.8
VEN,2020,99.9
VEN,2021,100
VEN,2022,100
VEN,2023,100
VGB,2015,100
VGB,2016,100
VGB,2017,100
VGB,2018,100
VGB,2019,100
VGB,2020,100
VGB,2021,100
VGB,2022,100
VGB,2023,100
VIR,2015,100
VIR,2016,100
VIR,2017,100
VIR,2018,100
VIR,2019,100
VIR,2020,100
VIR,2021,100
VIR,2022,100
VIR,2023,100
VNM,2015,99.3
VNM,2016,99.2
VNM,2017,100
VNM,2018,100
VNM,2019,99.4
VNM,2020,99.8
VNM,2021,100
VNM,2022,100
VNM,2023,99.8
VUT,2015,52.3
VUT,2016,57.8
VUT,2017,62.8
VUT,2018,61.6
VUT,2019,64.5
VUT,2020,67.3
VUT,2021,70
VUT,2022,71.6
VUT,2023,61.6
WSM,2015,98.2
WSM,2016,98.9
WSM,2017,96.8
WSM,2018,99.8
WSM,2019,99.2
WSM,2020,100
WSM,2021,98.3
WSM,2022,98.3
WSM,2023,100
YEM,2015,67.4
YEM,2016,68.9
YEM,2017,79.2
YEM,2018,62
YEM,2019,72.8
YEM,2020,73.9
YEM,2021,74.9
YEM,2022,76
YEM,2023,83.6
ZAF,2015,85.3
ZAF,2016,83.9
ZAF,2017,84.4
ZAF,2018,84.7
ZAF,2019,85
ZAF,2020,90
ZAF,2021,89.3
ZAF,2022,86.5
ZAF,2023,87.7
ZMB,2015,31.1
ZMB,2016,35.4
ZMB,2017,40.3
ZMB,2018,40.2
ZMB,2019,43
ZMB,2020,44.6
ZMB,2021,46.7
ZMB,2022,47.8
ZMB,2023,51.1
ZWE,2015,33.7
ZWE,2016,42.5
ZWE,2017,44
ZWE,2018,45.4
ZWE,2019,46.7
ZWE,2020,52.7
ZWE,2021,49
ZWE,2022,50.1
ZWE,2023,62
EAS,2015,96.95005996
EAS,2016,97.03439658
EAS,2017,97.69153593
EAS,2018,97.66096407
EAS,2019,97.87525581
EAS,2020,97.79762097
EAS,2021,98.15342591
EAS,2022,98.21392948
EAS,2023,98.40448808
ECS,2015,99.16791752
ECS,2016,99.82900478
ECS,2017,99.96413289
ECS,2018,99.97079163
ECS,2019,99.95346686
ECS,2020,99.97603547
ECS,2021,99.98819724
ECS,2022,99.99773358
ECS,2023,100
LCN,2015,97.28472761
LCN,2016,97.47838213
LCN,2017,97.71059922
LCN,2018,97.75671521
LCN,2019,97.99821139
LCN,2020,98.14999276
LCN,2021,98.27562637
LCN,2022,98.57887137
LCN,2023,98.42262047
MEA,2015,93.43606555
MEA,2016,95.15876482
MEA,2017,96.00124317
MEA,2018,94.97068617
MEA,2019,96.0087073
MEA,2020,96.26212044
MEA,2021,96.41666906
MEA,2022,95.8637945
MEA,2023,96.42263674
NAC,2015,100
NAC,2016,100
NAC,2017,100
NAC,2018,100
NAC,2019,100
NAC,2020,100
NAC,2021,100
NAC,2022,100
NAC,2023,100
SAS,2015,86.53277846
SAS,2016,88.31844804
SAS,2017,91.39837283
SAS,2018,94.81920241
SAS,2019,95.4698954
SAS,2020,96.40136174
SAS,2021,99.36931291
SAS,2022,99.08951147
SAS,2023,99.40878897
SSF,2015,39.19965002
SSF,2016,43.83016514
SSF,2017,43.76281946
SSF,2018,46.41667524
SSF,2019,47.19741682
SSF,2020,48.54503895
SSF,2021,50.65664486
SSF,2022,51.58737758
SSF,2023,53.2563309
WLD,2015,86.92426297
WLD,2016,88.10477258
WLD,2017,88.93208827
WLD,2018,89.79773181
WLD,2019,90.10876877
WLD,2020,90.39608828
WLD,2021,91.33464735
WLD,2022,91.2892451
WLD,2023,91.60013736
HIC,2015,99.44125601
HIC,2016,99.87493992
HIC,2017,99.95972177
HIC,2018,99.96265107
HIC,2019,99.94961001
HIC,2020,99.96830638
HIC,2021,99.9798913
HIC,2022,99.97980751
HIC,2023,99.98840502
LIC,2015,33.07021839
LIC,2016,36.43361242
LIC,2017,38.17925639
LIC,2018,39.68380279
LIC,2019,40.7021445
LIC,2020,41.73684567
LIC,2021,43.01546579
LIC,2022,43.00608828
LIC,2023,45.27219188
LMC,2015,80.65869535
LMC,2016,82.71671452
LMC,2017,84.6592387
LMC,2018,86.91218057
LMC,2019,87.61352219
LMC,2020,88.38041439
LMC,2021,90.55573424
LMC,2022,90.5768406
LMC,2023,91.26807498
UMC,2015,98.99840683
UMC,2016,99.03455389
UMC,2017,99.16088789
UMC,2018,99.17968588
UMC,2019,99.27720182
UMC,2020,99.21766388
UMC,2021,99.43570231
UMC,2022,99.50892894
UMC,2023,99.42868247